{"means": [0.8403808457014842, 0.643517222066648, 0.5060207224866984, 0.8857462895547465, 0.39988798655838703, 0.2828339400728087, 0.20078409409129094, 0.08933071968636236, 0.1545785494259311, 0.08457014841781013, 0.1372164659759171, 0.05824698963875665, 0.43741248949873984, 0.6017922150658079, 0.2761131335760291, 0.0, 0.5429851582189863, 0.022682721926631195, 0.005600672080649678, 0.008681041725007001, 0.026883225987118453, 0.7376085130215626, 0.005600672080649678, 0.006160739288714646, 0.003920470456454775, 0.005600672080649678, 0.04060487258471016, 0.0008401008120974517, 0.15345841500980117, 0.02212265471856623, 0.02072248669840381, 0.005600672080649678, 0.04704564547745729, 0.024362923550826098, 0.0, 0.005600672080649678, 0.005600672080649678, 0.005600672080649678, 0.007280873704844581, 0.006160739288714646, 0.0005600672080649678, 0.0, 0.028563427611313356, 0.0904508541024923, 0.032203864463735646, 0.04088490618874265, 0.005600672080649678, 0.024642957154858584, 0.0008401008120974517, 0.022402688322598712], "stds": [0.3662524810558182, 0.47896013087758404, 0.4999637495866457, 0.3181191602131906, 0.4898750705686771, 0.45037640082013575, 0.40058687154128075, 0.28522051505226426, 0.3615024501760757, 0.2782409718470659, 0.3440757292239561, 0.23420990123557806, 0.496067337696461, 0.489528696760462, 0.4470734515075291, 0.0, 0.4981488494143982, 0.14888994610997186, 0.07462777333469564, 0.09276681108874923, 0.16174213473193672, 0.4399343070728651, 0.07462777333469564, 0.0782482241340411, 0.06249080226605225, 0.07462777333469564, 0.197373039970229, 0.028972315108098716, 0.36042881387658343, 0.1470824356161174, 0.14245373018435945, 0.07462777333469564, 0.21173651720727507, 0.15417318673129482, 0.0, 0.07462777333469564, 0.07462777333469564, 0.07462777333469564, 0.08501683705560144, 0.0782482241340411, 0.023659110988949225, 0.0, 0.16657598330613754, 0.28682659760667584, 0.1765411441487139, 0.19802356080699177, 0.07462777333469564, 0.15503445364667298, 0.028972315108098716, 0.14798921541287802]}